Run Number,Run History Configuration ID,Instance ID,Response Value (y),Censored?,Cutoff Time Used,Seed,Runtime,Run Length,Run Result Code,Run Quality,SMAC Iteration,SMAC Cumulative Runtime,Run Result,Additional Algorithm Run Data,Wall Clock Time,
1,1,32,1.0,0,1.0,12793054,1.0,0.0,1,0.0,0,1.0,SAT,0,1.289,
2,1,37,0.51029920578,0,1.0,9936394,0.51029920578,0.0,1,0.0,1,1.51029920578,SAT,0,0.758,
3,2,32,1.0,0,1.0,12793054,1.0,0.0,0,0.0,1,2.51029920578,TIMEOUT,0,1.737,
4,2,37,1.0,0,1.0,9936394,1.0,0.0,0,0.0,1,3.51029920578,TIMEOUT,0,1.737,
5,1,26,1.0,0,1.0,3962560,1.0,0.0,0,0.0,1,4.51029920578,TIMEOUT,0,1.685,
6,3,32,1.0,0,1.0,12793054,1.0,0.0,0,0.0,1,5.51029920578,TIMEOUT,0,1.737,
7,3,26,1.0,0,1.0,3962560,1.0,0.0,0,0.0,1,6.51029920578,TIMEOUT,0,1.662,
8,3,37,1.0,0,1.0,9936394,1.0,0.0,1,0.0,1,7.51029920578,SAT,0,1.637,
